control_conversion_rate,test_conversion_rate,lift_pct,z_score,p_value
0.56507,0.64909,14.867978919,19.22997000033862,2.2338089567634031e-82
